title,source,id,url
DATA ENGINEERS,Witted,76373,https://wittedpartners.com/projects/76373-data-engineers
UX-DESIGNER,Witted,76353,https://wittedpartners.com/projects/76353-ux-designer
TEAM LEAD TO ENTUR,Witted,76344,https://wittedpartners.com/projects/76344-team-lead-to-entur
TEST / RELEASE CONSULTANT FOR SOKKELDIREKTORATET,Witted,76343,https://wittedpartners.com/projects/76343-test-release-consultant-for-sokkeldirektoratet
UI DESIGNER FOR SOKKELDIREKTORATET,Witted,76342,https://wittedpartners.com/projects/76342-ui-designer-for-sokkeldirektoratet
RELEASE MANAGER,Witted,76024,https://wittedpartners.com/projects/76024-release-manager
DRIFT DEVELOPER,Witted,76016,https://wittedpartners.com/projects/76016-drift-developer
LEADER PRODUCT AND BUSINESS DEVELOPMENT,Witted,76011,https://wittedpartners.com/projects/76011-leader-product-and-business-development
C++ DEVELOPERS IN KONGSBERG WANTED,Witted,75994,https://wittedpartners.com/projects/75994-c-developers-in-kongsberg-wanted
HARDWARE ENGINEER WANTED!,Witted,75883,https://wittedpartners.com/projects/75883-hardware-engineer-wanted